datetime,uk_negativity,uk_neutrality,uk_positivity,uk_compound,ru_negativity,ru_neutrality,ru_positivity,ru_compound,fighting
2022-04-12,0.032625,0.967375,0.0,-0.11932499999999999,0.07242857142857143,0.8810357142857143,0.0465,-0.5245107142857143,1
2022-04-13,0.065425,0.921575,0.0129,-0.33528,0.07707142857142857,0.8564285714285714,0.06635714285714285,-0.41026428571428575,1
2022-04-15,0.09541666666666666,0.86875,0.035833333333333335,-0.6078916666666666,,,,,1
2022-04-16,0.14606060606060606,0.8155454545454546,0.038181818181818185,-0.8239242424242423,,,,,1
2022-04-17,0.13136170212765957,0.8340851063829787,0.0345531914893617,-0.5848191489361702,,,,,1
2022-04-18,0.1286875,0.8643125,0.006999999999999999,-0.81725,,,,,1
2022-04-19,0.12789473684210528,0.8272631578947368,0.04484210526315789,-0.5148894736842106,,,,,1
2022-04-20,0.0415,0.914,0.044,-0.00714999999999999,,,,,1
2022-04-21,0.033,0.913,0.054,0.296,,,,,1
2022-05-02,0.144,0.835,0.021,-0.87,0.068625,0.890375,0.04125,-0.3772875,1
2022-05-03,0.06133333333333333,0.9216666666666666,0.017,-0.15133333333333335,0.04375,0.8835,0.0725,-0.15302500000000002,1
2022-05-04,0.07056060606060606,0.8778484848484849,0.05178787878787879,-0.028831818181818174,0.09379166666666666,0.8595833333333333,0.04670833333333333,-0.6434583333333334,1
2022-05-05,0.10039999999999999,0.8240999999999999,0.07586999999999999,-0.113596,0.07144791666666667,0.8694791666666667,0.058979166666666666,-0.12955,1
2022-05-06,0.09578688524590163,0.8610573770491804,0.043073770491803276,-0.42618688524590165,0.09992307692307693,0.8427820512820512,0.057346153846153845,-0.4199576923076923,1
2022-05-07,0.14718787878787878,0.8280000000000001,0.02466060606060606,-0.6833939393939394,0.07695744680851063,0.8792765957446809,0.043787234042553184,-0.4263191489361702,1
2022-05-08,0.1571566265060241,0.8055301204819276,0.0373855421686747,-0.7681,0.08759420289855073,0.8553913043478261,0.056999999999999995,-0.46621304347826087,1
2022-05-09,0.07163414634146341,0.871219512195122,0.057268292682926825,-0.130509756097561,0.0523448275862069,0.8971724137931034,0.050413793103448276,-0.1319448275862069,1
2022-05-10,0.10180000000000002,0.8317777777777777,0.06631111111111111,-0.24759111111111112,0.07918518518518518,0.8542777777777778,0.06648148148148147,-0.3964907407407407,1
2022-05-11,0.08946511627906976,0.8572790697674418,0.05327906976744186,-0.2699093023255814,0.0628,0.8873555555555555,0.04986666666666667,-0.29230222222222224,1
2022-05-12,0.10084313725490196,0.8578235294117648,0.04145098039215686,-0.323343137254902,0.08176923076923076,0.8677499999999999,0.05036538461538462,-0.41780384615384614,1
2022-05-13,0.11683720930232558,0.8438139534883721,0.03934883720930232,-0.4747255813953488,0.10361702127659575,0.8372340425531916,0.05927659574468085,-0.4753212765957447,1
2022-05-14,0.07586440677966101,0.8856271186440678,0.03842372881355932,-0.29246949152542373,0.0646,0.8613200000000001,0.07414,-0.241086,1
2022-05-15,0.06666176470588236,0.8750294117647059,0.05841176470588235,-0.2003764705882353,0.07713333333333333,0.8724666666666667,0.05042222222222222,-0.2625133333333333,1
2022-05-16,0.06050526315789474,0.8892631578947369,0.05018947368421053,-0.1457178947368421,0.08040625,0.8680625,0.05153125,-0.2171875,1
2022-05-17,0.09805405405405405,0.860891891891892,0.04091891891891892,-0.4040135135135135,0.04856756756756757,0.902918918918919,0.04851351351351351,-0.17964324324324324,1
2022-05-18,0.06923404255319149,0.8887021276595745,0.04208510638297872,-0.17149574468085105,0.039275862068965516,0.9133448275862069,0.047344827586206895,-0.029693103448275863,1
2022-05-19,0.07587719298245614,0.887,0.037087719298245614,-0.30513508771929826,0.0762,0.8679,0.05593333333333333,-0.25514000000000003,1
2022-05-20,0.11773469387755102,0.8549387755102041,0.027551020408163266,-0.4451612244897959,0.06453125,0.87771875,0.0578125,0.014690624999999988,1
2022-05-21,0.0869,0.8774,0.035757142857142855,-0.33789142857142856,0.12791111111111111,0.8312666666666667,0.040622222222222226,-0.39651777777777775,1
2022-05-22,0.08585714285714285,0.8848571428571429,0.029285714285714286,-0.37038095238095237,0.0670952380952381,0.8954761904761904,0.03766666666666666,-0.2606952380952381,1
2022-05-23,0.10919298245614036,0.8660175438596491,0.024754385964912282,-0.5085877192982456,0.07308064516129031,0.8645,0.06243548387096774,-0.28365322580645164,1
2022-05-24,0.08763333333333333,0.8712833333333333,0.04111666666666667,-0.3459733333333333,0.0706268656716418,0.8863432835820895,0.04298507462686567,-0.12506567164179105,1
2022-05-25,0.09271428571428572,0.8495238095238096,0.057690476190476195,-0.09627619047619049,0.03783333333333334,0.9407222222222222,0.021361111111111112,-0.1834638888888889,1
2022-05-26,0.15253968253968253,0.8173650793650794,0.030000000000000002,-0.5858142857142857,0.11504444444444445,0.8473777777777778,0.037755555555555556,-0.5683955555555555,1
2022-05-27,0.05469230769230769,0.8998076923076923,0.045461538461538456,-0.06870961538461538,0.09546938775510204,0.8631836734693877,0.04146938775510204,-0.32942244897959183,1
2022-05-28,0.12197619047619049,0.8500714285714285,0.027999999999999997,-0.5981809523809524,0.08918478260869565,0.8772391304347826,0.03353260869565217,-0.44479021739130437,1
2022-05-29,0.08489108910891088,0.8819009900990099,0.03327722772277227,-0.24958613861386136,0.06583177570093458,0.8901214953271027,0.04416822429906542,-0.23297009345794395,1
2022-05-30,0.08861363636363637,0.8875681818181818,0.024,-0.3544136363636363,0.09012698412698412,0.8742063492063492,0.03584126984126984,-0.3862873015873016,1
2022-05-31,0.08925714285714285,0.8710285714285715,0.039657142857142856,-0.3838457142857143,0.1027,0.8495199999999999,0.04762,-0.648602,1
2022-06-01,0.11696551724137931,0.8544827586206897,0.028482758620689653,-0.6209413793103449,0.08988157894736842,0.8697236842105264,0.04039473684210526,-0.6236013157894738,1
2022-06-02,0.11503614457831325,0.869421686746988,0.015566265060240964,-0.5223759036144578,0.06285106382978724,0.8860212765957447,0.05117021276595744,-0.20619361702127662,1
2022-06-03,0.106675,0.8399000000000001,0.05345,-0.229045,0.0866774193548387,0.8760430107526881,0.03722580645161291,-0.2579010752688172,1
2022-06-04,0.13,0.8472000000000001,0.02285,-0.7091949999999999,0.08440425531914894,0.8764680851063831,0.03885106382978724,-0.4630212765957447,1
2022-06-05,0.09725714285714286,0.8835142857142857,0.019228571428571428,-0.5155714285714286,0.10952500000000001,0.8461500000000001,0.044325,-0.31804,1
2022-06-06,0.08593333333333333,0.8517333333333333,0.06233333333333333,-0.1274266666666667,0.104875,0.834625,0.06053125,-0.409871875,1
2022-06-07,0.11589090909090909,0.8328363636363636,0.05133636363636364,-0.44668636363636366,0.07087341772151899,0.875240506329114,0.05382278481012658,-0.11892025316455697,1
2022-06-08,0.12451724137931035,0.8407758620689655,0.03468965517241379,-0.49196551724137927,0.1665090909090909,0.7986181818181818,0.03483636363636364,-0.65862,1
2022-06-09,0.0975897435897436,0.8643846153846153,0.037974358974358975,-0.38242820512820513,0.1300138888888889,0.826625,0.04325,-0.6324000000000001,1
2022-06-10,0.10811904761904763,0.8491666666666666,0.04257142857142857,-0.22486190476190476,0.09771794871794871,0.8653333333333333,0.036974358974358974,-0.5131230769230769,1
2022-06-11,0.1145,0.8479404761904762,0.03755952380952381,-0.37248095238095236,0.10290350877192983,0.8594736842105264,0.03753508771929825,-0.512359649122807,1
2022-06-12,0.06005454545454545,0.8909090909090909,0.04916363636363637,-0.3083018181818181,0.10019642857142856,0.8542321428571428,0.045875,-0.4266178571428571,0
2022-06-13,0.08757303370786516,0.8617752808988763,0.05102247191011236,-0.23301011235955055,0.10290076335877862,0.8290839694656489,0.06789312977099236,-0.3140793893129771,0
2022-06-14,0.10350980392156862,0.845,0.05129411764705882,-0.40217254901960786,0.145,0.8218148148148148,0.033157407407407406,-0.6106777777777778,0
2022-06-15,0.10226829268292684,0.8675121951219512,0.03024390243902439,-0.3544609756097561,0.10096428571428571,0.8336785714285714,0.06539285714285714,-0.2878357142857143,0
2022-06-16,0.09107407407407407,0.8713703703703705,0.03762962962962963,-0.5354814814814814,0.09442,0.86508,0.04076,-0.430272,0
2022-06-17,0.111875,0.81925,0.0688125,-0.0787875,0.11646478873239437,0.8435211267605633,0.04002816901408451,-0.43069154929577463,0
2022-06-18,0.12004878048780487,0.8470731707317073,0.033024390243902434,-0.5327219512195122,0.1383818181818182,0.8189090909090909,0.04276363636363636,-0.6296490909090908,0
2022-06-19,0.12206666666666667,0.8224666666666667,0.055400000000000005,-0.11248666666666664,0.13436842105263158,0.8115263157894737,0.054,-0.5699842105263158,0
2022-06-20,0.0924054054054054,0.8800000000000001,0.027513513513513513,-0.3584756756756757,0.12217857142857143,0.8289107142857143,0.04894642857142857,-0.460175,0
2022-06-21,0.1152463768115942,0.8600579710144928,0.024666666666666667,-0.5297826086956522,0.12330769230769231,0.8296153846153846,0.04707692307692308,-0.5837615384615384,0
2022-06-22,0.0933913043478261,0.8857717391304348,0.020804347826086957,-0.28794239130434784,0.11641379310344827,0.8499482758620689,0.03358620689655172,-0.3042551724137931,0
2022-06-23,0.11749748743718594,0.8549497487437185,0.027542713567839196,-0.3879824120603015,0.11760416666666666,0.8626145833333334,0.01966666666666667,-0.5368364583333333,0
2022-06-24,0.038657142857142855,0.9546285714285714,0.006685714285714286,-0.09577428571428571,0.09379310344827585,0.9032758620689655,0.0035172413793103452,-0.6008896551724138,0
2022-06-25,0.06407142857142857,0.8795714285714286,0.05657142857142857,-0.12082857142857144,0.006,0.97575,0.01825,0.12765,0
2022-06-26,0.05011764705882353,0.9241764705882353,0.025705882352941176,-0.23982941176470587,0.126,0.856,0.018,-0.873,0
2022-06-27,0.10800000000000001,0.8572,0.034850000000000006,-0.319455,,,,,0
2022-06-28,0.12628571428571428,0.83,0.04371428571428571,-0.27045714285714284,0.176,0.732,0.092,-0.8442,0
2022-06-29,0.09871641791044776,0.8733134328358209,0.027985074626865673,-0.3149820895522388,0.11903846153846152,0.8408076923076924,0.04007692307692308,-0.44195,0
2022-06-30,0.090768,0.891496,0.017632000000000002,-0.3540712,0.07847761194029851,0.8886865671641792,0.03280597014925373,-0.2951582089552239,0
2022-07-01,0.06836190476190476,0.8900666666666666,0.04156190476190476,-0.15149047619047618,0.06864444444444444,0.8886777777777777,0.04262222222222222,-0.3306911111111111,0
2022-07-02,0.13016806722689075,0.8454117647058823,0.024369747899159664,-0.40814621848739496,0.05573846153846154,0.8922769230769231,0.052261538461538457,-0.14327384615384614,0
2022-07-03,0.10556737588652482,0.8578014184397164,0.03656737588652482,-0.3577304964539007,0.10296,0.87074,0.026160000000000003,-0.462234,0
2022-07-04,0.123056,0.841544,0.03536,-0.2691056,0.08738356164383562,0.875,0.037616438356164385,-0.34505890410958906,0
2022-07-05,0.11972357723577237,0.8548943089430895,0.0253739837398374,-0.38883252032520327,0.12347540983606557,0.8094098360655738,0.06706557377049181,-0.47825901639344265,0
2022-07-06,0.09065714285714285,0.8605142857142857,0.04884761904761904,-0.27928857142857144,0.16340277777777779,0.7887361111111111,0.04788888888888889,-0.47050694444444446,0
2022-07-07,0.11078448275862068,0.8474310344827587,0.041732758620689654,-0.47137586206896553,0.07365217391304348,0.8839347826086957,0.042282608695652174,-0.44919565217391305,0
2022-07-08,0.0911989247311828,0.8808387096774194,0.027897849462365593,-0.3275811827956989,0.06548,0.8836266666666668,0.050879999999999995,-0.13624666666666668,0
2022-07-09,0.096484375,0.877,0.026546875,-0.33799765625,0.1287560975609756,0.8055365853658537,0.06558536585365854,-0.6690780487804878,0
2022-07-10,0.10159322033898305,0.8525593220338984,0.045754237288135595,-0.3995135593220339,0.08213207547169811,0.8847547169811322,0.033188679245283015,-0.41361132075471696,0
2022-07-11,0.0956470588235294,0.8808308823529413,0.023463235294117646,-0.4454889705882353,0.10612345679012346,0.8540246913580247,0.03985185185185185,-0.5927271604938271,0
2022-07-12,0.10941104294478528,0.8588895705521472,0.031613496932515334,-0.3985110429447853,0.061212765957446805,0.9003617021276595,0.03846808510638298,-0.23533191489361704,0
2022-07-13,0.09287943262411348,0.8776950354609929,0.029382978723404254,-0.24132765957446808,0.050916666666666666,0.9237619047619048,0.025285714285714286,-0.28152738095238095,0
2022-07-14,0.09193137254901962,0.8870882352941177,0.02096078431372549,-0.32716078431372553,0.1115301204819277,0.8512048192771084,0.03710843373493976,-0.6371819277108434,0
2022-07-15,0.11877777777777777,0.8606250000000001,0.02048611111111111,-0.47620138888888885,0.08548837209302326,0.8951860465116279,0.019372093023255814,-0.5619093023255813,0
2022-07-16,0.059534883720930236,0.9053139534883721,0.03520930232558139,-0.16523023255813954,0.06856164383561644,0.8992876712328767,0.03210958904109589,-0.3544164383561644,0
2022-07-17,0.11774436090225564,0.8608195488721805,0.02142105263157895,-0.40737293233082705,0.07844262295081968,0.8801803278688525,0.041344262295081965,-0.25100819672131147,0
2022-07-18,0.08342483660130719,0.8873267973856209,0.029169934640522876,-0.29005686274509807,0.047125,0.9151666666666666,0.03766666666666667,-0.145025,0
2022-07-19,0.06713043478260869,0.8957130434782609,0.03713043478260869,-0.16020173913043478,0.08532608695652173,0.873195652173913,0.041456521739130434,-0.3645391304347826,0
2022-07-20,0.09075000000000001,0.8795833333333334,0.029810606060606062,-0.26910606060606057,0.05434328358208955,0.9122686567164179,0.03314925373134329,-0.2971223880597015,0
2022-07-21,0.11018888888888889,0.8595833333333333,0.030211111111111116,-0.42571333333333333,0.02628125,0.95165625,0.022,0.007500000000000014,0
2022-07-22,0.12207563025210084,0.8453781512605042,0.03252100840336135,-0.4677915966386555,,,,,0
2022-07-23,0.07858928571428571,0.8829285714285715,0.038526785714285715,-0.26533482142857145,,,,,0
2022-07-24,0.08195833333333334,0.8646875,0.05330208333333333,-0.12365312499999999,,,,,0
2022-07-25,0.06299107142857142,0.9154017857142858,0.021616071428571425,-0.35860357142857147,,,,,0
2022-07-26,0.10647368421052632,0.8591228070175438,0.0343859649122807,-0.42846140350877193,,,,,0
2022-07-27,0.07274468085106384,0.9016702127659575,0.025542553191489358,-0.37027765957446807,,,,,0
2022-07-28,0.06625675675675677,0.909472972972973,0.02431081081081081,-0.30305675675675675,,,,,0
2022-07-29,0.1062121212121212,0.854030303030303,0.03984848484848485,-0.42718181818181816,,,,,0
2022-07-30,0.056400000000000006,0.9283555555555556,0.015244444444444442,-0.30058222222222225,,,,,0
2022-07-31,0.05722388059701493,0.9315522388059702,0.011238805970149254,-0.3370597014925373,,,,,0
2022-08-01,0.09254054054054053,0.8678648648648648,0.039729729729729726,-0.2787486486486487,0.04866666666666667,0.9215,0.0295,-0.3773666666666667,0
2022-08-02,0.08978688524590164,0.8862950819672131,0.023950819672131148,-0.3529196721311475,0.1229047619047619,0.8342619047619048,0.04278571428571428,-0.28164285714285714,0
2022-08-03,0.09798581560283688,0.8685602836879432,0.0334468085106383,-0.4033751773049645,0.1174561403508772,0.8589122807017544,0.02363157894736842,-0.638982456140351,0
2022-08-04,0.12747674418604651,0.8217325581395348,0.050872093023255814,-0.40306511627906977,0.13220408163265307,0.8391020408163266,0.02857142857142857,-0.6863346938775511,0
2022-08-05,0.10032967032967034,0.8649010989010989,0.03471428571428571,-0.33718461538461536,0.09050000000000001,0.8752500000000001,0.034272727272727274,-0.31780681818181816,1
2022-08-06,0.09111811023622048,0.8761653543307086,0.032755905511811026,-0.37649055118110236,0.08605555555555557,0.8692407407407408,0.04474074074074074,-0.3878925925925926,1
2022-08-07,0.08246456692913387,0.8867322834645669,0.03080314960629921,-0.26540944881889766,0.10657954545454545,0.8401704545454546,0.05335227272727273,-0.39187045454545455,1
2022-08-08,0.1218169934640523,0.8376928104575163,0.04047712418300654,-0.3958777777777778,0.1278409090909091,0.8130227272727274,0.058954545454545454,-0.7036477272727273,1
2022-08-09,0.09278947368421052,0.860015037593985,0.04723308270676692,-0.21500075187969925,0.05928571428571428,0.8740357142857142,0.06667857142857143,-0.2442892857142857,1
2022-08-10,0.11265591397849463,0.8586774193548387,0.02870967741935484,-0.5377086021505376,0.11573684210526315,0.8169473684210526,0.06726315789473684,-0.6346894736842105,1
2022-08-11,0.08508743169398907,0.890863387978142,0.024043715846994537,-0.4293497267759563,0.11906896551724137,0.8527241379310344,0.02813793103448276,-0.6778965517241379,1
2022-08-12,0.054568181818181814,0.9038693181818181,0.04159659090909091,-0.19516079545454545,0.08704545454545455,0.8663863636363637,0.04649999999999999,-0.2031431818181818,1
2022-08-13,0.09560693641618496,0.867693641618497,0.03679190751445087,-0.3765508670520231,0.10528985507246377,0.8478985507246377,0.04698550724637681,-0.2576652173913043,1
2022-08-14,0.05855652173913044,0.8836347826086957,0.0578,-0.14221739130434782,0.07439473684210526,0.8603157894736843,0.06536842105263158,-0.044181578947368405,1
2022-08-15,0.08508333333333334,0.8738958333333334,0.04096666666666667,-0.26658583333333336,0.10560526315789473,0.8058815789473684,0.08852631578947368,-0.11883552631578946,1
2022-08-16,0.10388268156424581,0.8743072625698324,0.021871508379888268,-0.5028335195530726,0.08887272727272727,0.8300545454545454,0.08107272727272727,-0.12037454545454547,1
2022-08-17,0.12436501901140684,0.8492623574144487,0.02641444866920152,-0.4322490494296578,0.11685714285714287,0.8366964285714286,0.046285714285714284,-0.5778392857142858,1
2022-08-18,0.1319517543859649,0.835171052631579,0.032916666666666664,-0.49742850877192984,0.11071428571428571,0.8440714285714286,0.04515714285714286,-0.40141571428571426,1
2022-08-19,0.06939999999999999,0.8854,0.045,-0.36206,0.1473783783783784,0.8160810810810811,0.036648648648648655,-0.6255945945945945,1
2022-08-20,0.060789473684210525,0.8757894736842106,0.0635263157894737,0.0079578947368421,0.12675,0.8335357142857143,0.03967857142857143,-0.44817142857142855,1
2022-08-21,0.079325,0.8326499999999999,0.088175,-0.023305,0.10204347826086957,0.8485652173913043,0.04952173913043478,-0.37355652173913045,1
2022-08-22,0.05490769230769231,0.8824461538461539,0.06264615384615385,-0.06149076923076923,0.09717857142857143,0.8523928571428572,0.05042857142857143,-0.5696142857142857,1
2022-08-23,0.0405925925925926,0.8734814814814814,0.08587037037037037,0.2305111111111111,0.09528571428571428,0.8561428571428571,0.04857142857142857,-0.6627285714285714,1
2022-08-24,0.058435483870967746,0.8599516129032259,0.08161290322580644,0.0021983870967741868,0.0898,0.8707,0.03935,-0.47519999999999996,1
2022-08-25,0.038441176470588236,0.8907941176470588,0.07079411764705883,0.15410588235294115,0.14387878787878788,0.8140909090909091,0.042151515151515155,-0.5479757575757577,1
2022-08-26,0.06846341463414635,0.8556585365853658,0.07585365853658536,-0.018312195121951223,0.07877142857142858,0.8583428571428572,0.06285714285714286,-0.19145428571428572,1
2022-08-27,0.06114893617021277,0.8704468085106384,0.0685531914893617,-0.043814893617021275,0.0754,0.878476923076923,0.046215384615384617,-0.043332307692307705,1
2022-08-28,0.052,0.8731428571428571,0.07492857142857143,0.19185714285714286,0.06519230769230769,0.8944230769230769,0.04057692307692307,-0.19477692307692307,1
2022-08-29,0.06363636363636363,0.8720909090909091,0.06409090909090909,-0.0418909090909091,0.11275,0.8476875,0.03975,-0.268675,1
2022-08-30,0.05541666666666667,0.8807222222222222,0.06391666666666666,0.02635833333333333,0.11820689655172413,0.8236896551724138,0.05806896551724138,-0.4250517241379311,1
2022-08-31,0.05515384615384615,0.8904230769230769,0.05438461538461538,-0.14919615384615384,,,,,1
2022-09-01,0.05146428571428572,0.8677857142857144,0.08071428571428571,0.04401428571428572,0.1491578947368421,0.8047368421052631,0.046026315789473686,-0.5025815789473684,1
2022-09-02,0.06969565217391305,0.8671304347826087,0.06317391304347826,-0.1305,0.1711333333333333,0.7605333333333333,0.06820000000000001,-0.5592333333333334,1
2022-09-03,0.045733333333333334,0.9005,0.053733333333333334,-0.06722666666666667,0.2098846153846154,0.7335769230769231,0.056846153846153845,-0.5524038461538461,1
2022-09-04,0.05307017543859649,0.8895964912280702,0.05729824561403509,-0.021670175438596492,0.18424137931034482,0.7695862068965518,0.046137931034482764,-0.6720620689655172,1
2022-09-05,0.06153061224489796,0.8876938775510204,0.05087755102040816,-0.11130204081632654,0.15175862068965518,0.8204137931034483,0.02782758620689655,-0.3369448275862069,1
2022-09-06,0.0567938144329897,0.8757835051546392,0.06743298969072165,-0.0026618556701030957,0.14216438356164385,0.8235753424657535,0.034260273972602735,-0.6296095890410959,1
2022-09-07,0.06286538461538461,0.8605288461538462,0.07667307692307693,0.0626375,0.10037499999999999,0.8406458333333333,0.058916666666666666,-0.29565729166666666,1
2022-09-08,0.057885350318471335,0.8578471337579617,0.08422292993630574,0.10174458598726115,0.14571538461538464,0.7971461538461538,0.05715384615384615,-0.6035530769230769,1
2022-09-09,0.04933766233766234,0.8768701298701299,0.07381818181818182,0.09190129870129869,0.101625,0.8487794117647058,0.04956617647058823,-0.34270588235294114,1
2022-09-12,0.0658974358974359,0.8632179487179488,0.07090384615384615,-0.0941826923076923,0.11220238095238096,0.8479047619047619,0.039880952380952385,-0.39355357142857145,1
2022-09-13,0.04495714285714286,0.8852214285714286,0.06975,0.11615785714285715,0.1086923076923077,0.8445555555555556,0.04667521367521368,-0.3811538461538461,1
2022-09-14,0.0493984375,0.882078125,0.0685546875,0.06456953125,0.13847272727272728,0.8311636363636363,0.030345454545454547,-0.47178000000000003,1
2022-09-15,0.047638554216867475,0.8820240963855421,0.07033734939759036,0.08062771084337349,0.12241025641025641,0.831974358974359,0.04553846153846154,-0.6407051282051283,1
2022-09-16,0.06811764705882353,0.8762745098039215,0.05564705882352941,-0.2648686274509804,0.15544,0.7896,0.05496,-0.46555599999999997,1
2022-09-17,0.07498924731182796,0.8617634408602151,0.06334408602150537,-0.2239494623655914,0.10919230769230769,0.8699423076923077,0.020692307692307694,-0.4761403846153846,1
2022-09-18,0.06533333333333334,0.8862000000000001,0.04850666666666666,-0.3311946666666667,0.11389473684210527,0.8361842105263158,0.05,-0.3646921052631579,1
2022-09-19,0.05301149425287356,0.8813103448275863,0.06563218390804598,0.06498620689655171,0.17454347826086955,0.7971521739130434,0.028304347826086956,-0.6334956521739131,1
2022-09-20,0.06324691358024692,0.8712839506172839,0.06548148148148149,-0.061860493827160495,0.10132653061224489,0.8443469387755101,0.0543265306122449,-0.24591224489795918,1
2022-09-21,0.053767857142857145,0.8823928571428572,0.06376785714285714,0.0064785714285714256,0.10894366197183099,0.864281690140845,0.02671830985915493,-0.3890845070422535,1
2022-09-22,0.07386,0.8686799999999999,0.05748,-0.187026,0.09300000000000001,0.8999166666666666,0.007083333333333334,-0.28573333333333334,1
2022-09-23,0.060333333333333336,0.8706140350877193,0.06912280701754386,-0.041563157894736844,0.09607692307692309,0.8822307692307692,0.021769230769230766,-0.22082307692307696,1
2022-09-24,0.046857142857142854,0.8895102040816326,0.06379591836734694,0.17965714285714288,0.1177142857142857,0.8251428571428571,0.05692857142857143,-0.4585142857142857,1
2022-09-25,0.04986363636363636,0.8774545454545454,0.0725909090909091,0.06207272727272727,0.0666,0.8611000000000001,0.07289999999999999,-0.09376999999999999,1
2022-09-26,0.057842105263157896,0.8758552631578947,0.06627631578947368,0.032072368421052634,0.06675,0.8786875000000001,0.0545,-0.0781875,1
2022-09-27,0.04950684931506849,0.8796438356164383,0.07082191780821917,0.06863287671232877,0.14225000000000002,0.8065,0.051375,-0.49111249999999995,1
2022-09-28,0.05507407407407408,0.8766481481481482,0.06835185185185184,-0.005346296296296298,0.14415384615384616,0.8386923076923077,0.017153846153846155,-0.6959615384615384,1
2022-09-29,0.043982758620689656,0.890051724137931,0.066,0.11088275862068966,0.13315384615384615,0.835974358974359,0.030743589743589744,-0.598023076923077,1
2022-09-30,0.029312500000000002,0.8890625,0.08164583333333333,0.30103125000000003,0.07986666666666667,0.8784,0.04173333333333333,-0.31870666666666664,1
2022-10-01,0.06316393442622951,0.8865245901639345,0.05031147540983606,-0.23055245901639346,0.13374074074074074,0.8027777777777778,0.06344444444444444,-0.7975555555555555,1
2022-10-02,0.05632352941176471,0.8766764705882353,0.06685294117647059,0.11361764705882353,0.12551724137931036,0.8146896551724139,0.06010344827586207,-0.44988275862068966,1
2022-10-03,0.060200000000000004,0.8765384615384616,0.06330769230769231,-0.05598923076923078,0.1175,0.8195833333333334,0.06283333333333334,-0.3583416666666666,0
2022-10-04,0.043819444444444446,0.8802777777777778,0.07593055555555556,0.20273055555555555,0.1260769230769231,0.857,0.01676923076923077,-0.5528538461538461,0
2022-10-05,0.050015384615384614,0.8821230769230769,0.0678923076923077,0.018306153846153847,0.13929411764705882,0.8215294117647058,0.039117647058823535,-0.7558941176470588,0
2022-10-06,0.06792,0.86264,0.06956,-0.06066400000000001,0.1116,0.8547,0.03365,-0.36619,0
2022-10-07,0.06220408163265306,0.8669387755102042,0.07081632653061225,0.023979591836734693,0.17392307692307693,0.8093846153846154,0.016576923076923076,-0.6339461538461539,0
2022-10-08,0.05573170731707317,0.881,0.06336585365853659,-0.05059024390243903,0.10531818181818182,0.8517272727272727,0.04281818181818182,-0.5883181818181819,0
2022-10-09,0.04003030303030303,0.8798787878787879,0.08018181818181817,0.18047878787878788,0.19584374999999998,0.782375,0.02190625,-0.81319375,0
2022-10-10,0.06209756097560975,0.8719512195121951,0.06580487804878049,-0.0402780487804878,0.15435714285714286,0.7990714285714285,0.046571428571428576,-0.3936571428571428,0
2022-10-11,0.050893617021276594,0.8806382978723405,0.0684468085106383,0.15272340425531913,0.06927272727272728,0.8695454545454545,0.061181818181818184,0.15132727272727273,0
2022-10-12,0.033874999999999995,0.8897083333333334,0.07656249999999999,0.25285416666666666,0.0886,0.8780666666666667,0.03333333333333333,-0.15797999999999998,0
2022-10-13,0.05001785714285715,0.880625,0.06935714285714285,0.0012232142857142839,0.1736,0.7776,0.0486,-0.41059999999999997,0
2022-10-14,0.04741666666666666,0.8693541666666667,0.08314583333333334,0.13701666666666665,0.11888888888888889,0.8291666666666667,0.05205555555555555,-0.4639333333333333,0
2022-10-15,0.04609090909090909,0.8827272727272727,0.07127272727272728,0.18740454545454543,0.14741666666666667,0.8181666666666666,0.0345,-0.8867166666666666,0
2022-10-16,0.0343,0.8715333333333334,0.09416666666666668,0.29117,0.10640909090909091,0.8576363636363635,0.03613636363636364,-0.21610909090909092,0
2022-10-17,0.04475,0.886875,0.06825,0.11441875,0.06615,0.8843500000000001,0.0498,0.031194999999999994,0
2022-10-18,0.045899999999999996,0.88544,0.06868,0.032802,0.12122222222222222,0.846,0.032777777777777774,-0.47877222222222227,0
2022-10-19,0.031122448979591835,0.9031428571428571,0.06575510204081633,0.24890816326530613,0.0986,0.8737999999999999,0.0273,-0.5539,0
2022-10-20,0.05087755102040816,0.877938775510204,0.07114285714285715,0.093934693877551,0.06083333333333333,0.9009999999999999,0.03833333333333333,-0.30905,0
2022-10-21,0.03434722222222222,0.8846805555555556,0.0808611111111111,0.19250555555555557,0.05172222222222222,0.9162777777777777,0.03211111111111112,-0.12255555555555556,0
2022-10-22,0.06717241379310344,0.8732068965517241,0.05962068965517241,-0.17909655172413794,0.10405555555555555,0.8498888888888889,0.04616666666666666,-0.36386666666666667,0
2022-10-23,0.04747222222222222,0.8798333333333334,0.07258333333333333,0.20422777777777779,0.156,0.8345833333333333,0.009458333333333334,-0.8010333333333334,0
2022-10-24,0.03097727272727273,0.9049318181818182,0.06404545454545454,0.39901590909090906,0.1799767441860465,0.8126511627906977,0.007395348837209302,-0.8924813953488372,0
2022-10-25,0.029375,0.8968125,0.0738125,0.3502,0.057,0.908,0.035,-0.5483,0
2022-10-26,0.03346875,0.88890625,0.077625,0.183778125,0.11763636363636364,0.8241818181818181,0.05790909090909091,-0.5995363636363636,0
2022-10-27,0.030375,0.8875625,0.0820625,0.13248125,0.122,0.8130000000000001,0.065,-0.9743,0
2022-10-28,0.04633333333333333,0.8970952380952381,0.056619047619047624,0.20750952380952384,0.096,0.875,0.029200000000000004,-0.55294,0
2022-10-29,0.04518518518518518,0.8986296296296297,0.056111111111111105,0.1429037037037037,0.13112000000000001,0.83552,0.033319999999999995,-0.48699600000000004,0
2022-10-30,0.04697142857142857,0.8809714285714285,0.0720857142857143,0.18105428571428572,0.19025,0.7704375,0.039375,-0.77151875,0
2022-10-31,0.05287096774193548,0.8683225806451612,0.07890322580645161,0.08523225806451612,0.1004375,0.84934375,0.05015625,-0.426709375,0
2022-11-01,0.029956521739130437,0.8971304347826087,0.0728695652173913,0.2959695652173913,0.139,0.8341904761904763,0.026952380952380957,-0.6502190476190476,0
2022-11-02,0.037000000000000005,0.8986,0.06424,0.1834,0.10132,0.8629600000000001,0.03568,-0.23060000000000003,0
2022-11-03,0.0574375,0.85275,0.0898125,0.013006250000000004,0.11987500000000001,0.815625,0.064625,-0.7584124999999999,0
2022-11-04,0.0517,0.8941000000000001,0.0541,-0.004350000000000004,0.17592857142857143,0.7779285714285714,0.046142857142857145,-0.8430928571428572,0
2022-11-05,0.06708333333333333,0.8770000000000001,0.055833333333333325,-0.20548333333333335,0.14316666666666666,0.80425,0.0525,-0.20254166666666665,0
2022-11-06,0.044885714285714286,0.8750571428571429,0.08011428571428571,0.29131142857142855,0.166,0.7660555555555555,0.06805555555555556,-0.6739,0
2022-11-07,0.042199999999999994,0.90012,0.0576,0.063736,0.14024999999999999,0.85975,0.0,-0.5232125,0
2022-11-08,0.06221875,0.86771875,0.0699375,0.01475625,0.10325,0.859,0.037250000000000005,-0.401625,0
2022-11-09,0.03453333333333333,0.8852666666666666,0.08023333333333334,0.31107333333333337,0.055200000000000006,0.897,0.048,0.17684,0
2022-11-10,0.03275862068965517,0.8918275862068965,0.07548275862068966,0.17495862068965515,0.15475,0.823,0.022000000000000002,-0.7153875,0
2022-11-11,0.03830434782608696,0.8835652173913043,0.07808695652173914,0.0696695652173913,0.11846153846153847,0.8170000000000001,0.06453846153846153,-0.2611,0
2022-11-12,0.05882758620689655,0.8606896551724138,0.08048275862068965,0.17904827586206898,0.14875,0.8265,0.02475,-0.5191,0
2022-11-13,0.0451875,0.88534375,0.0694375,0.10031562499999999,0.048285714285714286,0.8428571428571429,0.10885714285714286,0.0707142857142857,0
2022-11-14,0.048318181818181816,0.8756136363636364,0.07618181818181818,0.03096818181818182,0.10242857142857142,0.8471428571428571,0.05071428571428571,-0.09044285714285714,0
2022-11-15,0.05330357142857143,0.8545892857142857,0.09221428571428571,0.13940178571428571,0.04381818181818182,0.863909090909091,0.09218181818181818,0.22591818181818182,0
2022-11-16,0.038599999999999995,0.889688888888889,0.07168888888888889,0.2531777777777778,0.05685714285714286,0.8992857142857142,0.04371428571428571,-0.24658571428571427,0
2022-11-17,0.068875,0.8642291666666666,0.06689583333333333,-0.004337500000000002,0.044,0.87745,0.07865,0.176665,0
2022-11-18,0.044513513513513514,0.8745405405405404,0.08089189189189189,0.2451972972972973,0.12937500000000002,0.83875,0.031625,-0.8861,0
2022-11-19,0.04303448275862069,0.879448275862069,0.07751724137931035,0.22233103448275865,0.06425,0.872,0.06375,0.052724999999999994,0
2022-11-20,0.043259259259259254,0.8887777777777778,0.068,0.2314037037037037,0.047,0.909,0.044,0.14315,0
2022-11-21,0.03962162162162162,0.888,0.07237837837837838,0.20115405405405407,0.06142857142857143,0.8784285714285714,0.060428571428571436,-0.06001428571428572,0
2022-11-22,0.034949999999999995,0.8956250000000001,0.06945,0.215225,0.12722222222222224,0.8262222222222222,0.04688888888888889,-0.6725444444444445,0
2022-11-23,0.054803030303030305,0.8753484848484849,0.06987878787878787,-0.002468181818181819,0.07227272727272728,0.8664545454545455,0.061181818181818184,-0.2797090909090909,0
2022-11-24,0.03292307692307692,0.8972820512820513,0.06982051282051281,0.32407692307692304,0.059375000000000004,0.89,0.050625,-0.2937,0
2022-11-25,0.044387755102040814,0.8870816326530612,0.06851020408163265,0.18807551020408164,0.0723846153846154,0.8823076923076923,0.045384615384615384,-0.11323076923076922,0
2022-11-26,0.05636,0.88032,0.06344,0.131116,0.042124999999999996,0.90025,0.057749999999999996,-0.12060000000000001,0
2022-11-27,0.04151612903225806,0.8858387096774193,0.07277419354838709,0.13511612903225806,0.19000000000000003,0.7866666666666667,0.023333333333333334,-0.9960333333333334,0
2022-11-28,0.06060714285714286,0.8635,0.07592857142857143,-0.040796428571428574,0.0534,0.8625999999999999,0.08380000000000001,-0.12064000000000001,0
2022-11-29,0.06158333333333334,0.8748611111111111,0.06347222222222222,-0.02417777777777778,0.11760000000000001,0.8218,0.0606,-0.34302,0
2022-11-30,0.03955555555555556,0.8792222222222222,0.0811851851851852,0.2252925925925926,0.09328571428571429,0.8671428571428572,0.03957142857142857,-0.15492857142857144,0
2022-12-01,0.02691891891891892,0.8999189189189191,0.07308108108108109,0.3152135135135135,0.045,0.870625,0.0845,-0.0270625,0
2022-12-02,0.05725714285714286,0.8639428571428571,0.07868571428571429,0.1252257142857143,0.11,0.8549285714285714,0.03528571428571429,-0.6934785714285715,0
2022-12-03,0.0399795918367347,0.8901224489795918,0.06991836734693878,0.22676530612244897,0.064,0.885375,0.05075,-0.01650624999999998,0
2022-12-04,0.06119444444444444,0.8613333333333333,0.07752777777777778,0.027480555555555557,0.0972,0.8506,0.0521,-0.34875,0
2022-12-05,0.052075471698113204,0.8574150943396226,0.09045283018867924,0.17799056603773586,0.084,0.8763333333333333,0.03933333333333333,-0.4050666666666667,0
2022-12-06,0.035760869565217394,0.8887608695652175,0.0755,0.27523478260869566,0.09466666666666668,0.8729999999999999,0.03233333333333333,-0.6593,0
2022-12-07,0.03692307692307692,0.8852051282051283,0.07802564102564102,0.2984,0.10566666666666667,0.8471666666666667,0.04716666666666666,-0.6046666666666667,0
2022-12-08,0.05263492063492063,0.8815873015873016,0.06576190476190476,0.03099523809523809,0.09985714285714285,0.8432857142857143,0.05714285714285715,-0.23907142857142857,0
2022-12-09,0.047926829268292684,0.8959999999999999,0.05597560975609756,-0.019304878048780488,0.04883333333333334,0.9026666666666667,0.04800000000000001,-0.16720000000000002,0
2022-12-10,0.039724999999999996,0.9021750000000001,0.058199999999999995,0.1382675,0.0402,0.9077999999999999,0.052000000000000005,0.06626000000000001,0
2022-12-11,0.03525925925925926,0.8945185185185186,0.07007407407407407,0.3273296296296296,0.035750000000000004,0.9047499999999999,0.0595,0.327875,0
2022-12-12,0.02851351351351351,0.8906486486486487,0.08083783783783784,0.33754054054054056,0.08716666666666667,0.8523333333333333,0.0605,-0.3652,0
2022-12-13,0.03280851063829787,0.9022765957446809,0.065,0.1934340425531915,0.192,0.722,0.086,-0.64125,0
2022-12-14,0.05068965517241379,0.8878965517241378,0.06124137931034483,0.10991034482758621,0.06311111111111112,0.8643333333333333,0.07266666666666667,-0.12955555555555553,0
2022-12-15,0.05517777777777778,0.867311111111111,0.07746666666666666,0.09318888888888889,0.05940000000000001,0.8722,0.068,-0.06786,0
2022-12-16,0.04947619047619047,0.8751428571428571,0.07539285714285715,0.1403761904761905,0.06247826086956522,0.8588260869565217,0.07860869565217392,-0.1250608695652174,0
2022-12-17,0.031581395348837214,0.8809767441860464,0.08744186046511628,0.34047906976744186,0.09366666666666668,0.86,0.046000000000000006,-0.7547666666666667,0
2022-12-18,0.03261111111111111,0.8983888888888889,0.06908333333333333,0.2583888888888889,0.068,0.907,0.024,-0.7627,0
2022-12-19,0.03326666666666667,0.9065777777777778,0.060200000000000004,0.25684222222222225,0.0615,0.854,0.08449999999999999,0.0343,0
2022-12-20,0.06538888888888889,0.8696111111111111,0.06502777777777778,-0.08926944444444446,0.06054545454545455,0.8268181818181819,0.11272727272727273,0.34243636363636365,0
2022-12-21,0.044096774193548384,0.8977096774193548,0.058193548387096776,0.1414258064516129,0.11449999999999999,0.80525,0.08025,-0.14875000000000002,0
2022-12-22,0.035772727272727275,0.8915681818181818,0.07265909090909091,0.2980613636363636,0.0844,0.8518000000000001,0.0638,-0.5295,0
2022-12-23,0.05077142857142858,0.8779714285714285,0.07125714285714285,0.062254285714285706,0.0435,0.871,0.08549999999999999,0.11295,0
2022-12-24,0.050744186046511625,0.8633720930232558,0.08595348837209303,0.14451162790697675,0.118,0.84875,0.0335,-0.968625,0
2022-12-25,0.0351875,0.8930625,0.07209375,0.32503125,0.05399999999999999,0.914,0.0325,-0.29105000000000003,0
2022-12-26,0.044586206896551725,0.8748275862068966,0.08062068965517241,0.25185517241379307,0.05985714285714285,0.8875714285714286,0.05257142857142857,-0.2395857142857143,0
2022-12-27,0.05469387755102041,0.8840204081632653,0.0613469387755102,0.02471224489795918,0.06875,0.884,0.04725,-0.573675,0
2022-12-28,0.055746835443037976,0.885746835443038,0.05845569620253165,-0.04509113924050634,0.04352941176470588,0.8900588235294118,0.06652941176470588,0.01748823529411765,0
2022-12-29,0.06491011235955056,0.868123595505618,0.06696629213483146,-0.06099325842696629,0.06958823529411765,0.8568235294117648,0.07341176470588236,-0.2441235294117647,0
2022-12-30,0.06107407407407407,0.8823518518518518,0.05648148148148148,-0.14825370370370372,0.072,0.8725,0.056,-0.67805,0
2022-12-31,0.03867857142857143,0.8748571428571428,0.08635714285714287,0.3737464285714286,0.082875,0.858125,0.058625,-0.36625,0
2023-01-01,0.05663157894736842,0.8858947368421053,0.05752631578947368,0.06027368421052631,,,,,0
2023-01-02,0.06336666666666667,0.8701000000000001,0.06656666666666666,-0.020886666666666664,0.082,0.861,0.057499999999999996,-0.5405,0
2023-01-03,0.062161290322580644,0.8786774193548388,0.05919354838709677,-0.16832903225806453,0.10840000000000001,0.8692,0.0222,-0.86556,0
2023-01-04,0.06455882352941177,0.8718823529411764,0.06364705882352942,-0.10362647058823529,0.050666666666666665,0.874,0.07533333333333332,-0.26833333333333337,0
2023-01-05,0.044500000000000005,0.9035277777777778,0.051972222222222225,0.1032861111111111,0.053,0.919,0.0275,-0.7874,0
2023-01-06,0.04864516129032258,0.8901935483870967,0.06138709677419355,-0.005751612903225801,0.099,0.882,0.019,-0.9908,0
2023-01-07,0.04573913043478261,0.8826521739130435,0.07165217391304349,0.036052173913043474,0.048125,0.895625,0.05625,0.017025,0
2023-01-08,0.06451724137931035,0.8732758620689655,0.06224137931034483,0.004468965517241377,0.07933333333333333,0.8662380952380951,0.05433333333333333,-0.25388571428571427,0
2023-01-09,0.0674375,0.8785625,0.05406249999999999,-0.14778333333333335,0.1012,0.8661999999999999,0.0326,-0.5743199999999999,0
2023-01-10,0.04624615384615384,0.880876923076923,0.07290769230769231,0.18622461538461538,0.0314,0.8745999999999999,0.09393333333333334,0.39672,0
2023-01-11,0.05502857142857143,0.8896571428571429,0.05531428571428571,0.01678,0.056333333333333326,0.8966666666666666,0.04699999999999999,-0.4620666666666667,0
2023-01-12,0.060809523809523806,0.8778095238095238,0.06135714285714285,-0.07719047619047618,0.08285714285714285,0.8588571428571428,0.058428571428571434,-0.2230285714285714,0
2023-01-13,0.051454545454545454,0.8755454545454545,0.07296969696969696,-0.008275757575757575,0.051500000000000004,0.9155,0.033,-0.22945,0
2023-01-14,0.05965079365079365,0.8746984126984128,0.06561904761904762,-0.05746984126984126,0.07333333333333333,0.8667916666666667,0.05979166666666667,-0.11542916666666665,0
2023-01-15,0.031033333333333336,0.8831666666666667,0.08583333333333334,0.26537333333333335,0.0617,0.8642,0.074,-0.07672,0
2023-01-16,0.057999999999999996,0.8859189189189188,0.05605405405405405,-0.1558918918918919,0.08166666666666667,0.88,0.03833333333333333,-0.7863333333333333,0
2023-01-17,0.048529411764705876,0.8906176470588235,0.06079411764705883,0.07995000000000001,0.08916666666666667,0.8448333333333333,0.06633333333333334,-0.17438333333333333,0
2023-01-18,0.04627777777777778,0.9015833333333334,0.05225,0.05187777777777777,0.0688,0.8934000000000001,0.0374,-0.5428,0
2023-01-19,0.0522051282051282,0.9001538461538462,0.04771794871794872,-0.029920512820512817,0.036500000000000005,0.897,0.067,0.13605,0
2023-01-20,0.030384615384615385,0.9058846153846154,0.06373076923076923,0.23891153846153848,0.03225,0.9177500000000001,0.05,-0.04042499999999999,0
2023-01-21,0.040857142857142856,0.8832571428571429,0.07597142857142856,0.14219428571428572,0.09433333333333332,0.864,0.041666666666666664,-0.45248333333333335,0
2023-01-22,0.04131914893617021,0.901,0.05761702127659575,0.1323872340425532,0.036,0.8630000000000001,0.1012,0.50768,0
2023-01-23,0.0381,0.9038333333333333,0.058100000000000006,0.08213333333333334,0.11833333333333333,0.7916666666666666,0.09000000000000001,-0.11656666666666671,0
2023-01-24,0.04923529411764706,0.8911176470588236,0.05970588235294117,0.03740294117647058,0.15725,0.81675,0.02625,-0.9861,0
2023-01-25,0.056571428571428564,0.8805714285714286,0.06292857142857143,0.07364285714285715,0.081,0.8415,0.0775,-0.026999999999999996,0
2023-01-26,0.043120000000000006,0.9057000000000001,0.05122,0.029309999999999996,0.05742857142857143,0.8847142857142857,0.05757142857142857,-0.1592,0
2023-01-27,0.036767441860465114,0.9000232558139535,0.06320930232558139,0.18866976744186045,0.0649090909090909,0.8562727272727273,0.079,0.0959,0
2023-01-28,0.06347826086956522,0.8955652173913043,0.0411304347826087,-0.35227391304347827,0.024857142857142855,0.9104285714285715,0.06485714285714286,0.12325714285714286,0
2023-01-29,0.08632608695652175,0.8470869565217392,0.0667391304347826,-0.22190434782608698,0.082,0.841,0.077,-0.0431,0
2023-01-30,0.07058928571428572,0.8715714285714286,0.05775,-0.2835875,0.08766666666666667,0.8796666666666667,0.03233333333333333,-0.8181333333333334,0
2023-01-31,0.057791666666666665,0.8906875,0.051645833333333335,-0.011191666666666667,0.089,0.8725,0.0385,-0.6747375,0
2023-02-01,0.0491,0.8995749999999999,0.051500000000000004,-0.004292500000000005,0.06925,0.87175,0.05925,-0.2494,0
2023-02-02,0.06251515151515152,0.8862424242424242,0.051333333333333335,-0.1777939393939394,0.03566666666666667,0.9173333333333332,0.04700000000000001,0.26553333333333334,0
2023-02-03,0.050923076923076925,0.8885128205128205,0.06046153846153846,0.10588717948717949,0.04016666666666666,0.8666666666666667,0.09333333333333334,0.20201666666666665,0
2023-02-04,0.06281481481481482,0.8896296296296297,0.04762962962962963,-0.16803333333333334,0.08628571428571429,0.8544285714285714,0.05957142857142857,-0.41590000000000005,0
2023-02-05,0.06283870967741935,0.8762903225806451,0.06083870967741936,-0.06794193548387098,0.051000000000000004,0.8977999999999999,0.0513,-0.34299,0
2023-02-06,0.048916666666666664,0.9001944444444445,0.05086111111111111,-0.0683138888888889,0.0825,0.8666666666666667,0.050833333333333335,-0.30981666666666663,0
2023-02-07,0.03688888888888889,0.8923650793650794,0.07077777777777777,0.14521269841269843,0.04509090909090909,0.8735454545454545,0.08145454545454546,0.0036090909090909155,0
2023-02-08,0.05970212765957447,0.8911276595744682,0.049212765957446815,-0.10001914893617021,0.05372727272727273,0.894,0.05236363636363636,0.0008909090909090937,0
2023-02-09,0.07673684210526316,0.8640789473684211,0.05921052631578947,-0.09496052631578948,0.1305,0.8365,0.0325,-0.97705,0
2023-02-10,0.04904444444444444,0.8730111111111111,0.07798888888888889,0.11458666666666666,0.03273076923076923,0.8783076923076922,0.08884615384615385,0.2330846153846154,0
2023-02-11,0.06591666666666667,0.8514166666666667,0.08266666666666667,0.029766666666666674,0.0815625,0.8614375,0.057125,-0.21756250000000002,0
2023-02-12,0.08376190476190476,0.874904761904762,0.041428571428571426,-0.5409142857142857,0.07675,0.89275,0.03075,-0.6982999999999999,0
2023-02-13,0.05605128205128205,0.8867435897435897,0.057179487179487176,-0.010002564102564112,0.053,0.9035,0.044,-0.2921,0
2023-02-14,0.059888888888888894,0.8745555555555556,0.06563888888888889,-0.07044722222222223,0.023833333333333335,0.904,0.07233333333333333,0.22096666666666667,0
2023-02-15,0.07970833333333334,0.8720416666666666,0.048249999999999994,-0.15488333333333335,0.08083333333333333,0.8596666666666667,0.05966666666666667,-0.19146666666666667,0
2023-02-16,0.053725490196078425,0.884843137254902,0.06141176470588235,-0.007894117647058827,0.03725,0.9135,0.04925,-0.357425,0
2023-02-17,0.06285964912280702,0.8834912280701754,0.0536140350877193,-0.19859122807017543,0.019200000000000002,0.9208000000000001,0.06,0.18772,0
2023-02-18,0.0626,0.8791666666666667,0.0582,-0.08812666666666667,0.09538461538461539,0.8491538461538461,0.05530769230769231,-0.4109076923076923,0
2023-02-19,0.06696666666666666,0.8893,0.043666666666666666,-0.1796033333333333,0.025625000000000002,0.90475,0.06975,0.3191125,0
2023-02-20,0.04782051282051282,0.8807435897435897,0.07138461538461538,0.17171025641025642,0.091,0.839,0.07,-0.31589999999999996,0
2023-02-21,0.0635945945945946,0.8957567567567568,0.04067567567567567,-0.27006486486486486,0.1,0.84,0.06,-0.743,0
2023-02-22,0.0686,0.8666888888888888,0.06468888888888889,-0.14658,0.0693076923076923,0.8842307692307692,0.046384615384615385,-0.24516923076923078,0
2023-02-23,0.06831578947368422,0.8822105263157894,0.04944736842105263,-0.2640026315789474,0.10316666666666667,0.8220000000000001,0.07483333333333332,-0.22529999999999997,0
2023-02-24,0.05772727272727273,0.8788636363636364,0.06342424242424242,0.07031515151515151,0.06333333333333334,0.863,0.07366666666666666,-0.2561333333333333,0
2023-02-25,0.0520625,0.8883125,0.0596875,0.029075,0.1235,0.812,0.0645,-0.48425,0
2023-02-26,0.042960000000000005,0.88996,0.06695999999999999,-0.06962399999999999,0.157,0.736,0.108,-0.4708,0
2023-02-27,0.05660606060606061,0.8905757575757576,0.05287878787878787,-0.09936060606060607,0.08871428571428572,0.8445714285714285,0.06671428571428571,-0.22025714285714287,0
2023-02-28,0.053353846153846154,0.881676923076923,0.06492307692307692,-0.03212769230769231,0.062,0.9046666666666666,0.033,-0.4837,0
